{"entities":{"pages":{"Dotnet-Core-Documentation":{"id":"Dotnet-Core-Documentation","title":"Dotnet Core Documentation","url":"dotnet-core-documentation.html","level":0,"pages":["Minimal-API","Controller-Base-APIs","Microservice-Architecture","Unit-Testing","Intergration-Testing","Perfomance-Testing"],"tabIndex":0},"Minimal-API":{"id":"Minimal-API","title":"Minimal APIs","url":"minimal-api.html","level":1,"parentId":"Dotnet-Core-Documentation","pages":["Minimal-Apis","EF-Core","DB-Contex","CRUD-Operations-with-Minimal-API","TypedResults","Data-Transfer-Object-DTO","Connecting-to-Database","Adding-User-Endpoint","Conclusion-on-Minimal-Apis"],"tabIndex":0},"Minimal-Apis":{"id":"Minimal-Apis","title":"Introduction to Minimal Apis","url":"minimal-apis.html","level":2,"parentId":"Minimal-API","tabIndex":0},"EF-Core":{"id":"EF-Core","title":"EF Core","url":"ef-core.html","level":2,"parentId":"Minimal-API","tabIndex":1},"DB-Contex":{"id":"DB-Contex","title":"Dependency Injection","url":"db-contex.html","level":2,"parentId":"Minimal-API","tabIndex":2},"CRUD-Operations-with-Minimal-API":{"id":"CRUD-Operations-with-Minimal-API","title":"CRUD Operations","url":"crud-operations-with-minimal-api.html","level":2,"parentId":"Minimal-API","tabIndex":3},"TypedResults":{"id":"TypedResults","title":"TypedResults","url":"typedresults.html","level":2,"parentId":"Minimal-API","tabIndex":4},"Data-Transfer-Object-DTO":{"id":"Data-Transfer-Object-DTO","title":"Data Transfer Object (DTO)","url":"data-transfer-object-dto.html","level":2,"parentId":"Minimal-API","tabIndex":5},"Connecting-to-Database":{"id":"Connecting-to-Database","title":"Connecting to Database","url":"connecting-to-database.html","level":2,"parentId":"Minimal-API","tabIndex":6},"Adding-User-Endpoint":{"id":"Adding-User-Endpoint","title":"Adding User Endpoint","url":"adding-user-endpoint.html","level":2,"parentId":"Minimal-API","tabIndex":7},"Conclusion-on-Minimal-Apis":{"id":"Conclusion-on-Minimal-Apis","title":"Conclusion on Minimal Apis","url":"conclusion-on-minimal-apis.html","level":2,"parentId":"Minimal-API","tabIndex":8},"Controller-Base-APIs":{"id":"Controller-Base-APIs","title":"Controller-Base APIs","url":"controller-base-apis.html","level":1,"parentId":"Dotnet-Core-Documentation","pages":["Introduction-and-Setup","Entitties","DTOs","DbContext","Dependency-Injection","User-Identity","CRUD-Operations","Testing-with-Postman","Authentication","Authorization","Sending-Mails","Logging","Rate-Limiting","Configure-Swagger"],"tabIndex":1},"Introduction-and-Setup":{"id":"Introduction-and-Setup","title":"Introduction and Setup","url":"introduction-and-setup.html","level":2,"parentId":"Controller-Base-APIs","tabIndex":0},"Entitties":{"id":"Entitties","title":"Entitties","url":"entitties.html","level":2,"parentId":"Controller-Base-APIs","tabIndex":1},"DTOs":{"id":"DTOs","title":"DTOs","url":"dtos.html","level":2,"parentId":"Controller-Base-APIs","tabIndex":2},"DbContext":{"id":"DbContext","title":"DbContext","url":"dbcontext.html","level":2,"parentId":"Controller-Base-APIs","tabIndex":3},"Dependency-Injection":{"id":"Dependency-Injection","title":"Dependency Injection","url":"dependency-injection.html","level":2,"parentId":"Controller-Base-APIs","tabIndex":4},"User-Identity":{"id":"User-Identity","title":"User Identity","url":"user-identity.html","level":2,"parentId":"Controller-Base-APIs","tabIndex":5},"CRUD-Operations":{"id":"CRUD-Operations","title":"CRUD Operations","url":"crud-operations.html","level":2,"parentId":"Controller-Base-APIs","tabIndex":6},"Testing-with-Postman":{"id":"Testing-with-Postman","title":"Testing with Postman","url":"testing-with-postman.html","level":2,"parentId":"Controller-Base-APIs","tabIndex":7},"Authentication":{"id":"Authentication","title":"Authentication","url":"authentication.html","level":2,"parentId":"Controller-Base-APIs","tabIndex":8},"Authorization":{"id":"Authorization","title":"Authorization","url":"authorization.html","level":2,"parentId":"Controller-Base-APIs","tabIndex":9},"Sending-Mails":{"id":"Sending-Mails","title":"Sending Mails","url":"sending-mails.html","level":2,"parentId":"Controller-Base-APIs","tabIndex":10},"Logging":{"id":"Logging","title":"Logging","url":"logging.html","level":2,"parentId":"Controller-Base-APIs","tabIndex":11},"Rate-Limiting":{"id":"Rate-Limiting","title":"Rate Limiting","url":"rate-limiting.html","level":2,"parentId":"Controller-Base-APIs","tabIndex":12},"Configure-Swagger":{"id":"Configure-Swagger","title":"Configure Swagger","url":"configure-swagger.html","level":2,"parentId":"Controller-Base-APIs","tabIndex":13},"Microservice-Architecture":{"id":"Microservice-Architecture","title":"Microservice Architecture","url":"microservice-architecture.html","level":1,"parentId":"Dotnet-Core-Documentation","pages":["Intro-to-MicroServices"],"tabIndex":2},"Intro-to-MicroServices":{"id":"Intro-to-MicroServices","title":"Intro to MicroServices","url":"intro-to-microservices.html","level":2,"parentId":"Microservice-Architecture","tabIndex":0},"Unit-Testing":{"id":"Unit-Testing","title":"Unit Testing","url":"unit-testing.html","level":1,"parentId":"Dotnet-Core-Documentation","pages":["Introduction"],"tabIndex":3},"Introduction":{"id":"Introduction","title":"Introduction to Unit Tests","url":"introduction.html","level":2,"parentId":"Unit-Testing","tabIndex":0},"Intergration-Testing":{"id":"Intergration-Testing","title":"Integration Testing","url":"intergration-testing.html","level":1,"parentId":"Dotnet-Core-Documentation","pages":["Introduction-to-Integration-tests"],"tabIndex":4},"Introduction-to-Integration-tests":{"id":"Introduction-to-Integration-tests","title":"Introduction to Integration tests","url":"introduction-to-integration-tests.html","level":2,"parentId":"Intergration-Testing","tabIndex":0},"Perfomance-Testing":{"id":"Perfomance-Testing","title":"Perfomance Testing","url":"perfomance-testing.html","level":1,"parentId":"Dotnet-Core-Documentation","pages":["Introduction-to-Perfomance-Tests"],"tabIndex":5},"Introduction-to-Perfomance-Tests":{"id":"Introduction-to-Perfomance-Tests","title":"Introduction to Perfomance Tests","url":"introduction-to-perfomance-tests.html","level":2,"parentId":"Perfomance-Testing","tabIndex":0}}},"topLevelIds":["Dotnet-Core-Documentation"]}