{"entities":{"pages":{"Dotnet-Core-Documentation":{"id":"Dotnet-Core-Documentation","title":"Dotnet Core Documentation","url":"dotnet-core-documentation.html","level":0,"pages":["Minimal-API"],"tabIndex":0},"Minimal-API":{"id":"Minimal-API","title":"Minimal API","url":"minimal-api.html","level":1,"parentId":"Dotnet-Core-Documentation","pages":["Minimal-Apis","EF-Core","DB-Contex","CRUD-Operations-with-Minimal-API","TypedResults","Data-Transfer-Object-DTO"],"tabIndex":0},"Minimal-Apis":{"id":"Minimal-Apis","title":"Introduction to Minimal Apis","url":"minimal-apis.html","level":2,"parentId":"Minimal-API","tabIndex":0},"EF-Core":{"id":"EF-Core","title":"EF Core","url":"ef-core.html","level":2,"parentId":"Minimal-API","tabIndex":1},"DB-Contex":{"id":"DB-Contex","title":"Dependency Injection","url":"db-contex.html","level":2,"parentId":"Minimal-API","tabIndex":2},"CRUD-Operations-with-Minimal-API":{"id":"CRUD-Operations-with-Minimal-API","title":"CRUD Operations","url":"crud-operations-with-minimal-api.html","level":2,"parentId":"Minimal-API","tabIndex":3},"TypedResults":{"id":"TypedResults","title":"TypedResults","url":"typedresults.html","level":2,"parentId":"Minimal-API","tabIndex":4},"Data-Transfer-Object-DTO":{"id":"Data-Transfer-Object-DTO","title":"Data Transfer Object (DTO)","url":"data-transfer-object-dto.html","level":2,"parentId":"Minimal-API","tabIndex":5}}},"topLevelIds":["Dotnet-Core-Documentation"]}